filename,size_a,size_b,abs_size_diff,rel_size_diff,rows_a,rows_b,abs_row_diff,chars_a,chars_b,abs_chars_diff,rel_chars_diff,similarity_ratio,normalized_similarity_ratio,flag_abs_size,flag_rel_size,flag_row_diff,flag_similarity,flag_norm_similarity,is_outlier
4647404829.csv,160,161,1,0.006,1,1,0,152,153,1,0.007,1.000,1.000,0,0,0,0,0,0
4647404929.csv,180,185,5,0.027,1,1,0,173,178,5,0.028,1.000,1.000,0,0,0,0,0,0
4647404930.csv,377,378,1,0.003,2,2,0,363,364,1,0.003,1.000,1.000,0,0,0,0,0,0
4647404932.csv,975,980,5,0.005,6,6,0,938,943,5,0.005,1.000,1.000,0,0,0,0,0,0
4647406639.csv,460,460,0,0.000,3,3,0,441,441,0,0.000,1.000,1.000,0,0,0,0,0,0
4647407473.csv,170,170,0,0.000,1,1,0,164,164,0,0.000,1.000,1.000,0,0,0,0,0,0
4647407474.csv,717,717,0,0.000,4,4,0,690,690,0,0.000,1.000,1.000,0,0,0,0,0,0
4647476927.csv,167,167,0,0.000,1,1,0,160,160,0,0.000,1.000,1.000,0,0,0,0,0,0
4647477011.csv,168,169,1,0.006,1,1,0,162,163,1,0.006,1.000,1.000,0,0,0,0,0,0
4647478115.csv,694,694,0,0.000,4,4,0,666,666,0,0.000,1.000,1.000,0,0,0,0,0,0
4647478242.csv,331,331,0,0.000,2,2,0,319,319,0,0.000,1.000,1.000,0,0,0,0,0,0
4647479023.csv,513,514,1,0.002,3,3,0,492,493,1,0.002,1.000,1.000,0,0,0,0,0,0
4647479339.csv,304,305,1,0.003,2,2,0,291,292,1,0.003,1.000,1.000,0,0,0,0,0,0
4647479681.csv,165,169,4,0.024,1,1,0,158,162,4,0.025,1.000,1.000,0,0,0,0,0,0
4647479682.csv,1321,1323,2,0.002,8,8,0,1267,1268,1,0.001,1.000,1.000,0,0,0,0,0,0
4647481042.csv,896,898,2,0.002,5,5,0,862,864,2,0.002,1.000,1.000,0,0,0,0,0,0
4647483313.csv,706,703,3,0.004,4,4,0,679,676,3,0.004,1.000,1.000,0,0,0,0,0,0
4647483537.csv,648,667,19,0.028,4,4,0,621,640,19,0.030,1.000,1.000,0,0,0,0,0,0
4647487912.csv,183,185,2,0.011,1,1,0,175,177,2,0.011,1.000,1.000,0,0,0,0,0,0
4647553395.csv,169,169,0,0.000,1,1,0,161,161,0,0.000,1.000,1.000,0,0,0,0,0,0
4647554537.csv,343,344,1,0.003,2,2,0,329,330,1,0.003,1.000,1.000,0,0,0,0,0,0
4647554956.csv,314,313,1,0.003,2,2,0,300,299,1,0.003,1.000,1.000,0,0,0,0,0,0
4647555498.csv,165,169,4,0.024,1,1,0,158,162,4,0.025,1.000,1.000,0,0,0,0,0,0
4647555499.csv,166,166,0,0.000,1,1,0,160,160,0,0.000,1.000,1.000,0,0,0,0,0,0
4647556500.csv,175,175,0,0.000,1,1,0,168,168,0,0.000,1.000,1.000,0,0,0,0,0,0
4647557006.csv,181,177,4,0.023,1,1,0,174,170,4,0.024,1.000,1.000,0,0,0,0,0,0
4647558476.csv,322,320,2,0.006,2,2,0,308,306,2,0.007,1.000,1.000,0,0,0,0,0,0
4647559277.csv,1237,1236,1,0.001,7,7,0,1189,1188,1,0.001,1.000,1.000,0,0,0,0,0,0
4647564518.csv,174,171,3,0.018,1,1,0,166,163,3,0.018,1.000,1.000,0,0,0,0,0,0
4647636275.csv,347,346,1,0.003,2,2,0,331,330,1,0.003,1.000,1.000,0,0,0,0,0,0
4647636793.csv,340,341,1,0.003,2,2,0,326,327,1,0.003,1.000,1.000,0,0,0,0,0,0
4647638244.csv,178,178,0,0.000,1,1,0,172,172,0,0.000,1.000,1.000,0,0,0,0,0,0
4647639010.csv,823,858,35,0.041,5,5,0,790,825,35,0.042,1.000,1.000,0,0,0,0,0,0
4647640667.csv,716,716,0,0.000,4,4,0,690,690,0,0.000,1.000,1.000,0,0,0,0,0,0
4647641964.csv,472,472,0,0.000,3,3,0,451,451,0,0.000,1.000,1.000,0,0,0,0,0,0
4647642242.csv,184,184,0,0.000,1,1,0,176,176,0,0.000,1.000,1.000,0,0,0,0,0,0
4647670298.csv,178,178,0,0.000,1,1,0,171,171,0,0.000,1.000,1.000,0,0,0,0,0,0
PO 4647071628.csv,185,178,7,0.039,1,1,0,177,170,7,0.041,1.000,1.000,0,0,0,0,0,0
PO 4647090296.csv,164,162,2,0.012,1,1,0,156,154,2,0.013,1.000,1.000,0,0,0,0,0,0
PO 4647103278.csv,193,188,5,0.027,1,1,0,185,180,5,0.028,1.000,1.000,0,0,0,0,0,0
PO 4647103279.csv,247,242,5,0.021,1,1,0,239,234,5,0.021,1.000,1.000,0,0,0,0,0,0
PO 4647109623.csv,171,172,1,0.006,1,1,0,165,166,1,0.006,1.000,1.000,0,0,0,0,0,0
PO 4647109789.csv,350,350,0,0.000,2,2,0,337,337,0,0.000,1.000,1.000,0,0,0,0,0,0
PO 4647112007.csv,176,180,4,0.022,1,1,0,169,173,4,0.023,1.000,1.000,0,0,0,0,0,0
PO 4647112008.csv,540,540,0,0.000,3,3,0,522,522,0,0.000,1.000,1.000,0,0,0,0,0,0
PO 4647112257.csv,178,178,0,0.000,1,1,0,170,170,0,0.000,1.000,1.000,0,0,0,0,0,0
PO 4647113451.csv,181,186,5,0.027,1,1,0,174,179,5,0.028,1.000,1.000,0,0,0,0,0,0
PO 4647113452.csv,175,175,0,0.000,1,1,0,167,167,0,0.000,1.000,1.000,0,0,0,0,0,0
PO 4647113453.csv,550,550,0,0.000,3,3,0,531,531,0,0.000,1.000,1.000,0,0,0,0,0,0
PO 4647115406.csv,172,172,0,0.000,1,1,0,165,165,0,0.000,1.000,1.000,0,0,0,0,0,0
PO 4647115407.csv,170,169,1,0.006,1,1,0,162,161,1,0.006,1.000,1.000,0,0,0,0,0,0
PO 4647115408.csv,358,359,1,0.003,2,2,0,346,347,1,0.003,1.000,1.000,0,0,0,0,0,0
PO 4647115544.csv,950,950,0,0.000,6,6,0,910,910,0,0.000,1.000,1.000,0,0,0,0,0,0
PO 4647165009.csv,163,159,4,0.025,1,1,0,155,151,4,0.026,1.000,1.000,0,0,0,0,0,0
PO 4647173477.csv,173,173,0,0.000,1,1,0,167,167,0,0.000,1.000,1.000,0,0,0,0,0,0
PO 4647173568.csv,341,341,0,0.000,2,2,0,329,329,0,0.000,1.000,1.000,0,0,0,0,0,0
PO 4647173776.csv,526,526,0,0.000,3,3,0,508,508,0,0.000,1.000,1.000,0,0,0,0,0,0
PO 4647174354.csv,176,175,1,0.006,1,1,0,168,167,1,0.006,1.000,1.000,0,0,0,0,0,0
PO 4647174565.csv,284,284,0,0.000,2,2,0,270,270,0,0.000,1.000,1.000,0,0,0,0,0,0
PO 4647176297.csv,170,167,3,0.018,1,1,0,163,160,3,0.019,1.000,1.000,0,0,0,0,0,0
PO 4647176298.csv,332,332,0,0.000,2,2,0,319,319,0,0.000,1.000,1.000,0,0,0,0,0,0
PO 4647176351.csv,353,354,1,0.003,2,2,0,341,342,1,0.003,1.000,1.000,0,0,0,0,0,0
PO 4647176776.csv,359,359,0,0.000,2,2,0,345,345,0,0.000,1.000,1.000,0,0,0,0,0,0
PO 4647178260.csv,302,302,0,0.000,2,2,0,290,290,0,0.000,1.000,1.000,0,0,0,0,0,0
PO 4647179824.csv,181,178,3,0.017,1,1,0,174,171,3,0.018,1.000,1.000,0,0,0,0,0,0
PO 4647179825.csv,347,348,1,0.003,2,2,0,332,333,1,0.003,1.000,1.000,0,0,0,0,0,0
PO 4647196052.csv,194,190,4,0.021,1,1,0,186,182,4,0.022,1.000,1.000,0,0,0,0,0,0
PO 4647199657.csv,205,203,2,0.010,1,1,0,198,196,2,0.010,1.000,1.000,0,0,0,0,0,0
PO 4647210834.csv,162,157,5,0.032,1,1,0,154,149,5,0.034,1.000,1.000,0,0,0,0,0,0
PO 4647233385.csv,231,226,5,0.022,1,1,0,223,218,5,0.023,1.000,1.000,0,0,0,0,0,0
PO 4647246477.csv,169,169,0,0.000,1,1,0,163,163,0,0.000,1.000,1.000,0,0,0,0,0,0
PO 4647248171.csv,149,149,0,0.000,1,1,0,143,143,0,0.000,1.000,1.000,0,0,0,0,0,0
PO 4647249404.csv,181,181,0,0.000,1,1,0,175,175,0,0.000,1.000,1.000,0,0,0,0,0,0
PO 4647249960.csv,456,456,0,0.000,3,3,0,438,438,0,0.000,1.000,1.000,0,0,0,0,0,0
PO 4647250548.csv,659,659,0,0.000,4,4,0,631,631,0,0.000,1.000,1.000,0,0,0,0,0,0
PO 4647250793.csv,361,363,2,0.006,2,2,0,347,348,1,0.003,1.000,1.000,0,0,0,0,0,0
PO 4647252974.csv,314,314,0,0.000,2,2,0,301,301,0,0.000,1.000,1.000,0,0,0,0,0,0
PO 4647253238.csv,714,713,1,0.001,4,4,0,686,685,1,0.001,1.000,1.000,0,0,0,0,0,0
PO 4647271036.csv,170,166,4,0.024,1,1,0,162,158,4,0.025,1.000,1.000,0,0,0,0,0,0
PO 4647325819.csv,167,163,4,0.025,1,1,0,159,155,4,0.026,1.000,1.000,0,0,0,0,0,0
PO 4647326909.csv,340,340,0,0.000,2,2,0,326,326,0,0.000,1.000,1.000,0,0,0,0,0,0
PO 4647327521.csv,479,482,3,0.006,3,3,0,458,461,3,0.007,1.000,1.000,0,0,0,0,0,0
PO 4647328382.csv,182,181,1,0.006,1,1,0,174,173,1,0.006,1.000,1.000,0,0,0,0,0,0
PO 4647328559.csv,476,477,1,0.002,3,3,0,456,457,1,0.002,1.000,1.000,0,0,0,0,0,0
PO 4647330774.csv,683,683,0,0.000,4,4,0,657,657,0,0.000,1.000,1.000,0,0,0,0,0,0
PO 4647331290.csv,173,173,0,0.000,1,1,0,165,165,0,0.000,1.000,1.000,0,0,0,0,0,0
PO 4647331291.csv,172,172,0,0.000,1,1,0,164,164,0,0.000,1.000,1.000,0,0,0,0,0,0
PO 4647331292.csv,163,163,0,0.000,1,1,0,157,157,0,0.000,1.000,1.000,0,0,0,0,0,0
PO 4647331499.csv,372,373,1,0.003,2,2,0,360,361,1,0.003,1.000,1.000,0,0,0,0,0,0
PO 4647333357.csv,155,155,0,0.000,1,1,0,149,149,0,0.000,1.000,1.000,0,0,0,0,0,0
PO 4647333358.csv,957,957,0,0.000,6,6,0,919,919,0,0.000,1.000,1.000,0,0,0,0,0,0
PO 4647334067.csv,710,710,0,0.000,4,4,0,684,684,0,0.000,1.000,1.000,0,0,0,0,0,0
PO 4647401300.csv,172,173,1,0.006,1,1,0,166,167,1,0.006,1.000,1.000,0,0,0,0,0,0
PO 4647401732.csv,883,883,0,0.000,5,5,0,851,851,0,0.000,1.000,1.000,0,0,0,0,0,0
PO 4647402209.csv,145,146,1,0.007,1,1,0,137,138,1,0.007,1.000,1.000,0,0,0,0,0,0
PO 4647402210.csv,293,293,0,0.000,2,2,0,279,279,0,0.000,1.000,1.000,0,0,0,0,0,0
PO 4647402359.csv,495,495,0,0.000,3,3,0,474,474,0,0.000,1.000,1.000,0,0,0,0,0,0
PO 4647403061.csv,335,336,1,0.003,2,2,0,321,322,1,0.003,1.000,1.000,0,0,0,0,0,0
PO 4647403845.csv,366,366,0,0.000,2,2,0,352,352,0,0.000,1.000,1.000,0,0,0,0,0,0
PO 4647404827.csv,167,171,4,0.023,1,1,0,160,164,4,0.024,1.000,1.000,0,0,0,0,0,0
