Grainger,4647478115,00001,10Y370,"NFPA Label,1.5""x2.5"",Chemical Name,PK250",8/27/2025,12,30.57,iStock,"WW GRAINGER DCOF KANSAS CITY 11200 E. 210 HWY
KANSAS CITY
MO
64161
US"
Grainger,4647478115,00002,10Y372,"HMIG Label,2-1/2"" x 1-1/2"",Reagent,PK250",8/27/2025,10,30.57,iStock,"WW GRAINGER DCOF KANSAS CITY 11200 E. 210 HWY
KANSAS CITY
MO
64161
US"
Grainger,4647478115,00003,3VCL5,"Shipping Dot Label,1/2 In. W,PK1000",8/27/2025,48,3.63,iStock,"WW GRAINGER DCOF KANSAS CITY 11200 E. 210 HWY
KANSAS CITY
MO
64161
US"
Grainger,4647478115,00004,3VCL6,"Shipping Dot Label,1/2 In. W,PK1000",8/27/2025,10,3.82,iStock,"WW GRAINGER DCOF KANSAS CITY 11200 E. 210 HWY
KANSAS CITY
MO
64161
US"
