Grainger,4647330774,00001,10Y370,"NFPA Label,1.5""x2.5"",Chemical Name,PK250",8/13/2025,14,30.57,iStock,"WW GRAINGER FOUNTAIN INN
101 SOUTHCHASE BLVD
FOUNTAIN INN
SC
29644
US"
Grainger,4647330774,00002,3VAY7,"Label,1 in x 1 3/4 in,Paper,PK1000",8/13/2025,2,24.36,iStock,"WW GRAINGER FOUNTAIN INN
101 SOUTHCHASE BLVD
FOUNTAIN INN
SC
29644
US"
Grainger,4647330774,00003,3VCN6,"Shipping Dot Label,1 In. W,PK1000",8/13/2025,77,7.23,iStock,"WW GRAINGER FOUNTAIN INN
101 SOUTHCHASE BLVD
FOUNTAIN INN
SC
29644
US"
Grainger,4647330774,00004,3VCT4,"Shipping Squares Label,2 In. W,PK200",8/13/2025,65,7.13,iStock,"WW GRAINGER FOUNTAIN INN
101 SOUTHCHASE BLVD
FOUNTAIN INN
SC
29644
US"
