Grainger,4647250548,00001,10Y508,"Label,1""H,4-1/2""W,PK1000",8/6/2025,1,7.83,iStock,"WW GRAINGER FOUNTAIN INN
101 SOUTHCHASE BLVD
FOUNTAIN INN, SC 29644
US"
Grainger,4647250548,00002,10Y513,"Label,1-1/4""H,4-1/2""W,PK1000",8/6/2025,3,7.83,iStock,"WW GRAINGER FOUNTAIN INN
101 SOUTHCHASE BLVD
FOUNTAIN INN, SC 29644
US"
Grainger,4647250548,00003,3VCL4,"Shipping Dot Label,1/4 In. W,PK1000",8/6/2025,15,2.68,iStock,"WW GRAINGER FOUNTAIN INN
101 SOUTHCHASE BLVD
FOUNTAIN INN, SC 29644
US"
Grainger,4647250548,00004,3VCT6,"Shipping Squares Label,2 In. W,PK200",8/6/2025,31,7.13,iStock,"WW GRAINGER FOUNTAIN INN
101 SOUTHCHASE BLVD
FOUNTAIN INN, SC 29644
US"
